Medic Primar din CSV, 2021-05-07 23:37:22.03
Medic Primar din CSV, 2021-05-07 23:37:22.058
Medic Primar din CSV, 2021-05-07 23:39:07.766
Medic Primar din CSV, 2021-05-07 23:39:07.795
Medic Primar din CSV, 2021-05-07 23:39:51.197
Medic Primar din CSV, 2021-05-07 23:39:51.222
Medic Primar din CSV, 2021-05-07 23:42:33.732
Medic Primar din CSV, 2021-05-07 23:42:33.759
Medic Primar din CSV, 2021-05-07 23:45:53.316
Medic Primar din CSV, 2021-05-07 23:45:53.345
Medic Primar din CSV, 2021-05-07 23:46:10.89
Medic Primar din CSV, 2021-05-07 23:46:10.917
